2021-05-11 10:15:10,50,5000
2021-05-11 10:15:10,50,5000
2021-05-11 10:15:10,50,5000
2021-05-11 10:15:10,50,5000
2021-05-11 10:15:10,50,5000
2021-05-11 10:15:10,50,5000
2021-05-11 10:15:10,50,5000
2021-05-11 10:15:10,50,5000
2021-05-11 10:15:10,50,5000
2021-05-11 10:15:10,50,5000
2021-05-11 10:15:10,50,5000
2021-05-11 10:15:10,50,5000
2565-01-08 15:40:33,99,9900.0
2565-01-08 20:06:31,12,1200.0
2565-01-08 20:09:32,12,1200.0
2565-01-08 20:10:07,14,1400.0
2565-01-08 20:24:50,15.6,1560.0
2565-01-08 20:32:59,30,3000.0
